区,町名
幸区,遠藤町
幸区,大宮町
幸区,小倉
幸区,小倉1～5丁目
幸区,鹿島田
幸区,河原町
幸区,河原町団地1～3号棟
幸区,河原町団地4～9号棟
幸区,河原町団地12～15号棟
幸区,北加瀬
幸区,小向町
幸区,小向仲野町
幸区,小向西町
幸区,紺屋町
幸区,幸町
幸区,下平間
幸区,新小倉
幸区,新川崎
幸区,新塚越
幸区,神明町
幸区,塚越
幸区,戸手
幸区,戸手本町
幸区,中幸町
幸区,東小倉
幸区,東古市場
幸区,古市場
幸区,古市場1・2丁目
幸区,古川町
幸区,堀川町
幸区,南加瀬
幸区,南幸町
幸区,都町
幸区,矢上
幸区,柳町
中原区,井田
中原区,井田三舞町
中原区,井田杉山町
中原区,井田中ノ町
中原区,市ノ坪
中原区,今井上町
中原区,今井仲町
中原区,今井西町
中原区,今井南町
中原区,大倉町
中原区,上小田中
中原区,上新城
中原区,上平間
中原区,上丸子
中原区,上丸子山王町
中原区,上丸子天神町
中原区,上丸子八幡町
中原区,苅宿
中原区,北谷町
中原区,木月
中原区,木月伊勢町
中原区,木月大町
中原区,木月祇園町
中原区,木月住吉町
中原区,小杉御殿町
中原区,小杉陣屋町
中原区,小杉町
中原区,下小田中
中原区,下新城
中原区,下沼部
中原区,新城
中原区,新城中町
中原区,新丸子町
中原区,新丸子東
中原区,田尻町
中原区,等々力
中原区,中丸子
中原区,西加瀬
中原区,丸子通
中原区,宮内
高津区,明津
高津区,宇奈根
高津区,梶ヶ谷
高津区,蟹ヶ谷
高津区,上作延
高津区,北野川
高津区,北見方
高津区,久地
高津区,坂戸
高津区,子母口
高津区,子母口富士見台
高津区,下作延
高津区,下野毛
高津区,新作
高津区,末長
高津区,諏訪
高津区,瀬田
高津区,千年
高津区,千年新町
高津区,東野川
高津区,久末
高津区,久本
高津区,二子
高津区,溝口
高津区,向ヶ丘
宮前区,有馬
宮前区,犬蔵
宮前区,梶ヶ谷
宮前区,けやき平
宮前区,小台
宮前区,五所塚
宮前区,鷺沼
宮前区,潮見台
宮前区,神木
宮前区,神木本町
宮前区,白幡台
宮前区,菅生
宮前区,菅生ヶ丘
宮前区,平
宮前区,土橋
宮前区,南平台
宮前区,西野川
宮前区,野川
宮前区,野川本町
宮前区,野川台
宮前区,初山
宮前区,東有馬
宮前区,馬絹
宮前区,水沢
宮前区,南野川
宮前区,宮崎
宮前区,宮前平
多摩区,生田
多摩区,和泉
多摩区,栗谷
多摩区,宿河原
多摩区,菅
多摩区,菅稲田堤
多摩区,菅北浦
多摩区,菅城下
多摩区,菅仙谷
多摩区,菅野戸呂
多摩区,菅馬場
多摩区,堰
多摩区,寺尾台
多摩区,長尾
多摩区,長沢
多摩区,中野島
多摩区,西生田
多摩区,登戸
多摩区,登戸新町
多摩区,東生田
多摩区,東三田
多摩区,布田
多摩区,枡形
多摩区,三田
多摩区,南生田
麻生区,王禅寺
麻生区,王禅寺西
麻生区,王禅寺東
麻生区,岡上
麻生区,片平
麻生区,金程
麻生区,上麻生
麻生区,栗木
麻生区,栗木台
麻生区,栗平
麻生区,黒川
麻生区,五力田
麻生区,下麻生
麻生区,白鳥
麻生区,高石
麻生区,多摩美
麻生区,千代ヶ丘
麻生区,虹ヶ丘
麻生区,白山
麻生区,早野
麻生区,はるひ野
麻生区,東百合丘
麻生区,古沢
麻生区,細山
麻生区,万福寺
麻生区,南黒川
麻生区,向原
麻生区,百合丘